[
  {
    "file": "./artemisin/1h.json",
    "title": "artemisin",
    "view": "",
    "selected": true
  },
  {
    "file": "./borohydride/1h.json",
    "title": "borohydride",
    "view": ""
  },
  {
    "file": "./cyclopropanes/1h.json",
    "title": "cyclopropane derivatives",
    "view": ""
  },
  {
    "file": "./cyclopropnes_wrongPhase/1h.json",
    "title": "cyclopropane derivatives with wrong phase",
    "view": ""
  },
  {
    "file": "./geraniol/1h.json",
    "title": "geraniol",
    "view": ""
  },
  {
    "file": "./glucose/1h.json",
    "title": "glucose",
    "view": ""
  },
  {
    "file": "./isoleucine/1h.json",
    "title": "isoleucine",
    "view": ""
  },
  {
    "file": "./menthol/1h.json",
    "title": "menthol",
    "view": ""
  },
  {
    "file": "./st290/1h.json",
    "title": "st290",
    "view": ""
  },
  {
    "file": "./taxol/1h.json",
    "title": "taxol",
    "view": ""
  }
]
