{
  "spectra": [
    {
      "data": {},
      "id": "0abwvynpah97",
      "source": {
        "original": [],
        "jcamp": null,
        "jcampURL": "./geraniol/1h.jdx"
      },
      "display": {
        "name": "geraniol",
        "color": "#C10020"
      }
    }
  ],
  "molecules": [
    {
      "molfile": "\r\n  -ISIS-  09010417202D\r\n\r\n 11 10  0  0  0  0  0  0  0  0999 V2000\r\n    2.7875   -2.7083    0.0000 C   0  0  0  0  0  0  0  0  0  0  0  0\r\n    5.6458   -2.7083    0.0000 C   0  0  0  0  0  0  0  0  0  0  0  0\r\n    3.5000   -2.2958    0.0000 C   0  0  0  0  0  0  0  0  0  0  0  0\r\n    6.3583   -2.2958    0.0000 C   0  0  0  0  0  0  0  0  0  0  0  0\r\n    4.2167   -2.7083    0.0000 C   0  0  0  0  0  0  0  0  0  0  0  0\r\n    7.7875   -2.2958    0.0000 O   0  0  0  0  0  0  0  0  0  0  0  0\r\n    4.9292   -2.2958    0.0000 C   0  0  0  0  0  0  0  0  0  0  0  0\r\n    7.0750   -2.7083    0.0000 C   0  0  0  0  0  0  0  0  0  0  0  0\r\n    2.7875   -3.5375    0.0000 C   0  0  0  0  0  0  0  0  0  0  0  0\r\n    2.0750   -2.2958    0.0000 C   0  0  0  0  0  0  0  0  0  0  0  0\r\n    5.6458   -3.5375    0.0000 C   0  0  0  0  0  0  0  0  0  0  0  0\r\n  6  8  1  0  0  0  0\r\n  8  4  1  0  0  0  0\r\n  4  2  2  0  0  0  0\r\n  2  7  1  0  0  0  0\r\n  7  5  1  0  0  0  0\r\n  5  3  1  0  0  0  0\r\n  3  1  2  0  0  0  0\r\n  9  1  1  0  0  0  0\r\n 11  2  1  0  0  0  0\r\n 10  1  1  0  0  0  0\r\nM  END\r\n"
    }
  ]
}