{
  "spectra": [
    {
      "data": {},
      "id": "0abwvynpah97",
      "source": {
        "original": [],
        "jcamp": null,
        "jcampURL": "./glucose/1h.jdx"
      },
      "display": {
        "name": "glucose",
        "color": "#C10020"
      }
    }
  ],
  "molecules": [
    {
      "molfile": "\r\n  Mnova   03182113402D\r\n\r\n 10  9  0  0  0  0  0  0  0  0999 V2000\r\n    0.9466   95.3580    0.0000 C   0  0  0  0  0  0  0  0  0  0  0  0\r\n    3.6266   96.9053    0.0000 S   0  0  0  0  0  0  0  0  0  0  0  0\r\n    6.3067   95.3580    0.0000 C   0  0  0  0  0  0  0  0  0  0  0  0\r\n    3.6266  100.0000    0.0000 O   0  0  0  0  0  0  0  0  0  0  0  0\r\n    8.9867   96.9053    0.0000 D   0  0  0  0  0  0  0  0  0  0  0  0\r\n    6.3067   92.2634    0.0000 D   0  0  0  0  0  0  0  0  0  0  0  0\r\n    6.3067   98.4527    0.0000 H   0  0  0  0  0  0  0  0  0  0  0  0\r\n   -1.7335   96.9053    0.0000 D   0  0  0  0  0  0  0  0  0  0  0  0\r\n    0.9466   92.2634    0.0000 D   0  0  0  0  0  0  0  0  0  0  0  0\r\n    0.9466   98.4527    0.0000 D   0  0  0  0  0  0  0  0  0  0  0  0\r\n  2  4  2  0  0  0  0\r\n  2  3  1  0  0  0  0\r\n  1  2  1  0  0  0  0\r\n  1  8  1  0  0  0  0\r\n  1  9  1  0  0  0  0\r\n  1 10  1  0  0  0  0\r\n  3  7  1  0  0  0  0\r\n  3  5  1  0  0  0  0\r\n  3  6  1  0  0  0  0\r\nM  END\r\n"
    },
    {
      "molfile": "download.mol\n  ChemDraw03182114092D\n\n  0  0  0     0  0              0 V3000\nM  V30 BEGIN CTAB\nM  V30 COUNTS 12 12 0 0 1\nM  V30 BEGIN ATOM\nM  V30 1 O 0.354942 -0.422092 0.000000 0\nM  V30 2 C -0.354941 -0.825000 0.000000 0\nM  V30 3 C 0.354942 0.402908 0.000000 0\nM  V30 4 O -0.354941 -1.650000 0.000000 0\nM  V30 5 C -1.064826 -0.422092 0.000000 0\nM  V30 6 C -0.354941 0.825000 0.000000 0\nM  V30 7 C 1.064826 0.805815 0.000000 0\nM  V30 8 O -1.774709 -0.825000 0.000000 0\nM  V30 9 C -1.064826 0.402908 0.000000 0\nM  V30 10 O -0.354941 1.650000 0.000000 0\nM  V30 11 O 1.774709 0.402908 0.000000 0\nM  V30 12 O -1.774709 0.825000 0.000000 0\nM  V30 END ATOM\nM  V30 BEGIN BOND\nM  V30 1 1 1 2\nM  V30 2 1 1 3\nM  V30 3 1 2 4 CFG=3\nM  V30 4 1 2 5\nM  V30 5 1 3 6\nM  V30 6 1 3 7 CFG=1\nM  V30 7 1 5 8 CFG=3\nM  V30 8 1 5 9\nM  V30 9 1 6 10 CFG=3\nM  V30 10 1 7 11\nM  V30 11 1 9 12 CFG=1\nM  V30 12 1 6 9\nM  V30 END BOND\nM  V30 BEGIN COLLECTION\nM  V30 MDLV30/STEABS ATOMS=(5 2 3 5 6 9)\nM  V30 END COLLECTION\nM  V30 END CTAB\nM  END\n"
    }
  ]
}