{
  "spectra": [
    {
      "data": {},
      "id": "0abwvynpah97",
      "source": {
        "original": [],
        "jcamp": null,
        "jcampURL": "./taxol/1h.jdx"
      },
      "display": {
        "name": "taxol",
        "color": "#C10020"
      }
    }
  ],
  "molecules": [
    {
      "molfile": "Taxol-new.cdx\r\n  ChemDraw02221118252D\r\n\r\n 63 69  0  0  0  0  0  0  0  0999 V2000\r\n    3.3481   -4.0287    0.0000 C   0  0  0  0  0  0  0  0  0  0  0  0\r\n    4.6401   -3.8866    0.0000 C   0  0  0  0  0  0  0  0  0  0  0  0\r\n    5.1629   -2.6968    0.0000 C   0  0  0  0  0  0  0  0  0  0  0  0\r\n    4.3940   -1.6490    0.0000 C   0  0  0  0  0  0  0  0  0  0  0  0\r\n    3.1021   -1.7911    0.0000 C   0  0  0  0  0  0  0  0  0  0  0  0\r\n    2.5792   -2.9810    0.0000 C   0  0  0  0  0  0  0  0  0  0  0  0\r\n    6.5774   -3.9677    0.0000 C   0  0  0  0  0  0  0  0  0  0  0  0\r\n    7.9637   -2.9001    0.0000 C   0  0  0  0  0  0  0  0  0  0  0  0\r\n    7.8131   -1.4458    0.0000 C   0  0  0  0  0  0  0  0  0  0  0  0\r\n    6.7991   -0.6328    0.0000 C   0  0  0  0  0  0  0  0  0  0  0  0\r\n    5.5073   -0.7747    0.0000 C   0  0  0  0  0  0  0  0  0  0  0  0\r\n    4.3036   -5.1420    0.0000 O   0  0  0  0  0  0  0  0  0  0  0  0\r\n    5.9543   -1.7057    0.0000 C   0  0  0  0  0  0  0  0  0  0  0  0\r\n    6.0051   -2.5032    0.0000 C   0  0  0  0  0  0  0  0  0  0  0  0\r\n    5.0084    0.4254    0.0000 O   0  0  0  0  0  0  0  0  0  0  0  0\r\n    7.1543    0.6174    0.0000 O   0  0  0  0  0  0  0  0  0  0  0  0\r\n    9.3023   -3.4884    0.0000 C   0  0  0  0  0  0  0  0  0  0  0  0\r\n   10.4809   -2.6234    0.0000 C   0  0  0  0  0  0  0  0  0  0  0  0\r\n   10.3212   -1.1700    0.0000 C   0  0  0  0  0  0  0  0  0  0  0  0\r\n    8.9771   -0.5742    0.0000 C   0  0  0  0  0  0  0  0  0  0  0  0\r\n    7.8131   -0.1461    0.0000 C   0  0  0  0  0  0  0  0  0  0  0  0\r\n    9.3134    0.6811    0.0000 O   0  0  0  0  0  0  0  0  0  0  0  0\r\n   11.6708   -3.1462    0.0000 O   0  0  0  0  0  0  0  0  0  0  0  0\r\n   10.4883   -4.0197    0.0000 C   0  0  0  0  0  0  0  0  0  0  0  0\r\n    8.7830   -4.6798    0.0000 O   0  0  0  0  0  0  0  0  0  0  0  0\r\n    8.1247   -4.1897    0.0000 H   0  0  0  0  0  0  0  0  0  0  0  0\r\n    6.9783   -5.2041    0.0000 O   0  0  0  0  0  0  0  0  0  0  0  0\r\n    6.1081   -6.1693    0.0000 C   0  0  0  0  0  0  0  0  0  0  0  0\r\n    6.4445   -7.4246    0.0000 C   0  0  0  0  0  0  0  0  0  0  0  0\r\n    7.6998   -7.7610    0.0000 C   0  0  0  0  0  0  0  0  0  0  0  0\r\n    8.0362   -9.0164    0.0000 C   0  0  0  0  0  0  0  0  0  0  0  0\r\n    7.1173   -9.9354    0.0000 C   0  0  0  0  0  0  0  0  0  0  0  0\r\n    5.8619   -9.5991    0.0000 C   0  0  0  0  0  0  0  0  0  0  0  0\r\n    5.5254   -8.3437    0.0000 C   0  0  0  0  0  0  0  0  0  0  0  0\r\n    4.8370   -5.8983    0.0000 O   0  0  0  0  0  0  0  0  0  0  0  0\r\n    1.2882   -3.1311    0.0000 O   0  0  0  0  0  0  0  0  0  0  0  0\r\n    0.5127   -2.0882    0.0000 C   0  0  0  0  0  0  0  0  0  0  0  0\r\n   -0.7783   -2.2383    0.0000 C   0  0  0  0  0  0  0  0  0  0  0  0\r\n    1.0282   -0.8951    0.0000 O   0  0  0  0  0  0  0  0  0  0  0  0\r\n   -1.5538   -1.1955    0.0000 C   0  0  0  0  0  0  0  0  0  0  0  0\r\n   -1.0384   -0.0025    0.0000 N   0  0  0  0  0  0  0  0  0  0  0  0\r\n   -2.8446   -1.3458    0.0000 C   0  0  0  0  0  0  0  0  0  0  0  0\r\n   -3.6203   -0.3029    0.0000 C   0  0  0  0  0  0  0  0  0  0  0  0\r\n   -4.9112   -0.4530    0.0000 C   0  0  0  0  0  0  0  0  0  0  0  0\r\n   -5.4266   -1.6462    0.0000 C   0  0  0  0  0  0  0  0  0  0  0  0\r\n   -4.6511   -2.6890    0.0000 C   0  0  0  0  0  0  0  0  0  0  0  0\r\n   -3.3601   -2.5388    0.0000 C   0  0  0  0  0  0  0  0  0  0  0  0\r\n   -1.8139    1.0404    0.0000 C   0  0  0  0  0  0  0  0  0  0  0  0\r\n   -1.2986    2.2335    0.0000 C   0  0  0  0  0  0  0  0  0  0  0  0\r\n   -3.1049    0.8903    0.0000 O   0  0  0  0  0  0  0  0  0  0  0  0\r\n   -2.0741    3.2764    0.0000 C   0  0  0  0  0  0  0  0  0  0  0  0\r\n   -1.5587    4.4696    0.0000 C   0  0  0  0  0  0  0  0  0  0  0  0\r\n   -0.2677    4.6197    0.0000 C   0  0  0  0  0  0  0  0  0  0  0  0\r\n    0.5078    3.5768    0.0000 C   0  0  0  0  0  0  0  0  0  0  0  0\r\n   -0.0076    2.3837    0.0000 C   0  0  0  0  0  0  0  0  0  0  0  0\r\n   -1.2936   -3.4315    0.0000 O   0  0  0  0  0  0  0  0  0  0  0  0\r\n    2.3265   -0.7482    0.0000 C   0  0  0  0  0  0  0  0  0  0  0  0\r\n    3.8853    0.9824    0.0000 C   0  0  0  0  0  0  0  0  0  0  0  0\r\n    2.4644    0.9298    0.0000 C   0  0  0  0  0  0  0  0  0  0  0  0\r\n    4.2217    2.2378    0.0000 O   0  0  0  0  0  0  0  0  0  0  0  0\r\n    9.5554   -5.7252    0.0000 C   0  0  0  0  0  0  0  0  0  0  0  0\r\n    9.0362   -6.9166    0.0000 C   0  0  0  0  0  0  0  0  0  0  0  0\r\n   10.8467   -5.5790    0.0000 O   0  0  0  0  0  0  0  0  0  0  0  0\r\n 18 23  1  1  0  0  0\r\n 18 19  1  0  0  0  0\r\n 17 18  1  0  0  0  0\r\n 17 24  1  0  0  0  0\r\n 17 25  1  6  0  0  0\r\n  8 26  1  6  0  0  0\r\n  8 17  1  0  0  0  0\r\n  8  9  1  0  0  0  0\r\n  9 10  1  0  0  0  0\r\n  9 21  1  1  0  0  0\r\n 10 11  1  0  0  0  0\r\n 10 16  2  0  0  0  0\r\n 11 15  1  1  0  0  0\r\n  4 11  1  0  0  0  0\r\n  4  5  2  0  0  0  0\r\n  3  4  1  0  0  0  0\r\n  3 13  1  1  0  0  0\r\n  3 14  1  6  0  0  0\r\n  2  3  1  1  0  0  0\r\n  2  7  1  0  0  0  0\r\n  2 12  1  0  0  0  0\r\n  7  8  1  0  0  0  0\r\n  7 27  1  6  0  0  0\r\n 27 28  1  0  0  0  0\r\n 28 29  1  0  0  0  0\r\n 28 35  2  0  0  0  0\r\n 29 30  2  0  0  0  0\r\n 30 31  1  0  0  0  0\r\n 31 32  2  0  0  0  0\r\n 32 33  1  0  0  0  0\r\n 33 34  2  0  0  0  0\r\n 34 29  1  0  0  0  0\r\n 24 23  1  0  0  0  0\r\n 19 20  1  0  0  0  0\r\n 20  9  1  0  0  0  0\r\n 20 22  1  1  0  0  0\r\n 25 61  1  0  0  0  0\r\n 61 63  2  0  0  0  0\r\n 61 62  1  0  0  0  0\r\n 15 58  1  0  0  0  0\r\n 58 60  2  0  0  0  0\r\n 58 59  1  0  0  0  0\r\n  5  6  1  0  0  0  0\r\n  5 57  1  0  0  0  0\r\n  6  1  1  0  0  0  0\r\n  6 36  1  6  0  0  0\r\n  1  2  1  0  0  0  0\r\n 36 37  1  0  0  0  0\r\n 37 39  2  0  0  0  0\r\n 37 38  1  0  0  0  0\r\n 38 56  1  6  0  0  0\r\n 38 40  1  0  0  0  0\r\n 40 42  1  0  0  0  0\r\n 40 41  1  6  0  0  0\r\n 42 43  2  0  0  0  0\r\n 43 44  1  0  0  0  0\r\n 44 45  2  0  0  0  0\r\n 45 46  1  0  0  0  0\r\n 46 47  2  0  0  0  0\r\n 47 42  1  0  0  0  0\r\n 41 48  1  0  0  0  0\r\n 48 49  1  0  0  0  0\r\n 48 50  2  0  0  0  0\r\n 49 51  2  0  0  0  0\r\n 51 52  1  0  0  0  0\r\n 52 53  2  0  0  0  0\r\n 53 54  1  0  0  0  0\r\n 54 55  2  0  0  0  0\r\n 55 49  1  0  0  0  0\r\nM  END\r\n"
    }
  ]
}