{
  "spectra": [
    {
      "data": {},
      "id": "0abwvynpah97",
      "source": {
        "original": [],
        "jcamp": null,
        "jcampURL": "./st290/1h.jdx"
      },
      "display": {
        "name": "st290",
        "color": "#C10020"
      }
    }
  ],
  "molecules": [
    {
      "molfile": "\r\n          03182114012D\r\n\r\n 47 48  0  0  0  0  0  0  0  0999 V2000\r\n   36.7538    6.7940    0.0000 C   0  0  0  0  0  0  0  0  0  0  0  0\r\n   27.4762   12.1465    0.0000 C   0  0  0  0  0  0  0  0  0  0  0  0\r\n   18.1985   -3.9110    0.0000 C   0  0  0  0  0  0  0  0  0  0  0  0\r\n   18.1985    6.7940    0.0000 C   0  0  0  0  0  0  0  0  0  0  0  0\r\n   55.3092    6.7940    0.0000 C   0  0  0  0  0  0  0  0  0  0  0  0\r\n   27.4762   -9.2635    0.0000 C   0  0  0  0  0  0  0  0  0  0  0  0\r\n   73.8645    6.7940    0.0000 C   0  0  0  0  0  0  0  0  0  0  0  0\r\n   90.9925    3.2256    0.0000 C   0  0  0  0  0  0  0  0  0  0  0  0\r\n   64.5868   12.1465    0.0000 C   0  0  0  0  0  0  0  0  0  0  0  0\r\n   85.9968   21.7810    0.0000 C   0  0  0  0  0  0  0  0  0  0  0  0\r\n   74.9350   -3.5542    0.0000 C   0  0  0  0  0  0  0  0  0  0  0  0\r\n   55.3092   -3.9110    0.0000 C   0  0  0  0  0  0  0  0  0  0  0  0\r\n   85.6400   -6.0520    0.0000 C   0  0  0  0  0  0  0  0  0  0  0  0\r\n   27.4762  -19.6117    0.0000 C   0  0  0  0  0  0  0  0  0  0  0  0\r\n   27.4762   22.8515    0.0000 O   0  0  0  0  0  0  0  0  0  0  0  0\r\n    8.9208   -9.2635    0.0000 O   0  0  0  0  0  0  0  0  0  0  0  0\r\n   46.0315   12.1465    0.0000 O   0  0  0  0  0  0  0  0  0  0  0  0\r\n   36.7538   -3.9110    0.0000 O   0  0  0  0  0  0  0  0  0  0  0  0\r\n    8.9208   12.1465    0.0000 O   0  0  0  0  0  0  0  0  0  0  0  0\r\n   83.4990   11.4328    0.0000 N   0  0  0  0  0  0  0  0  0  0  0  0\r\n    0.0000    6.7940    0.0000 H   0  0  0  0  0  0  0  0  0  0  0  0\r\n    8.9208  -19.6117    0.0000 H   0  0  0  0  0  0  0  0  0  0  0  0\r\n   18.1985   28.2040    0.0000 H   0  0  0  0  0  0  0  0  0  0  0  0\r\n   36.7538   17.5049    0.0000 H   0  0  0  0  0  0  0  0  0  0  0  0\r\n   31.7753    4.0376    0.0000 H   0  0  0  0  0  0  0  0  0  0  0  0\r\n   18.1985  -14.6220    0.0000 H   0  0  0  0  0  0  0  0  0  0  0  0\r\n   18.1985   17.5049    0.0000 H   0  0  0  0  0  0  0  0  0  0  0  0\r\n   55.3092   17.5049    0.0000 H   0  0  0  0  0  0  0  0  0  0  0  0\r\n   24.9872    0.7686    0.0000 H   0  0  0  0  0  0  0  0  0  0  0  0\r\n   65.1358    3.3963    0.0000 H   0  0  0  0  0  0  0  0  0  0  0  0\r\n   98.3897   11.5197    0.0000 H   0  0  0  0  0  0  0  0  0  0  0  0\r\n  100.0000   -3.2840    0.0000 H   0  0  0  0  0  0  0  0  0  0  0  0\r\n   57.7029   20.3523    0.0000 H   0  0  0  0  0  0  0  0  0  0  0  0\r\n   71.4708   20.3523    0.0000 H   0  0  0  0  0  0  0  0  0  0  0  0\r\n   75.6487   24.2788    0.0000 H   0  0  0  0  0  0  0  0  0  0  0  0\r\n   88.4947   32.1291    0.0000 H   0  0  0  0  0  0  0  0  0  0  0  0\r\n   96.3450   19.2831    0.0000 H   0  0  0  0  0  0  0  0  0  0  0  0\r\n   73.6359  -14.4697    0.0000 H   0  0  0  0  0  0  0  0  0  0  0  0\r\n   64.6216  -10.9366    0.0000 H   0  0  0  0  0  0  0  0  0  0  0  0\r\n   66.0142   -3.9110    0.0000 H   0  0  0  0  0  0  0  0  0  0  0  0\r\n   55.3092  -14.6160    0.0000 H   0  0  0  0  0  0  0  0  0  0  0  0\r\n   44.6042   -3.9110    0.0000 H   0  0  0  0  0  0  0  0  0  0  0  0\r\n   95.3969  -10.4709    0.0000 H   0  0  0  0  0  0  0  0  0  0  0  0\r\n   82.1971  -16.1946    0.0000 H   0  0  0  0  0  0  0  0  0  0  0  0\r\n   34.4303  -25.2685    0.0000 H   0  0  0  0  0  0  0  0  0  0  0  0\r\n   27.4762  -29.9599    0.0000 H   0  0  0  0  0  0  0  0  0  0  0  0\r\n   20.6352  -24.9291    0.0000 H   0  0  0  0  0  0  0  0  0  0  0  0\r\n 23 15  1  0  0  0  0\r\n 21 19  1  0  0  0  0\r\n 22 16  1  0  0  0  0\r\n  1 24  1  0  0  0  0\r\n  1 18  1  0  0  0  0\r\n  1  2  1  0  0  0  0\r\n  1 17  1  0  0  0  0\r\n  2 25  1  0  0  0  0\r\n  2 15  1  0  0  0  0\r\n  4 27  1  0  0  0  0\r\n  4  2  1  0  0  0  0\r\n  4 19  1  0  0  0  0\r\n  3 26  1  0  0  0  0\r\n  3  4  1  0  0  0  0\r\n  3  6  1  0  0  0  0\r\n  3 16  1  0  0  0  0\r\n  6 29  1  0  0  0  0\r\n  6 18  1  0  0  0  0\r\n  6 14  1  0  0  0  0\r\n 14 46  1  0  0  0  0\r\n 14 45  1  0  0  0  0\r\n 14 47  1  0  0  0  0\r\n  5 28  1  0  0  0  0\r\n  5 17  1  0  0  0  0\r\n  9 34  1  0  0  0  0\r\n  9 33  1  0  0  0  0\r\n  9  5  1  0  0  0  0\r\n  7 30  1  0  0  0  0\r\n  7  9  1  0  0  0  0\r\n  7 20  1  0  0  0  0\r\n  7 11  1  0  0  0  0\r\n  8 32  1  0  0  0  0\r\n  8 31  1  0  0  0  0\r\n  8 20  1  0  0  0  0\r\n  8 13  1  0  0  0  0\r\n 13 44  1  0  0  0  0\r\n 13 43  1  0  0  0  0\r\n 11 39  1  0  0  0  0\r\n 11 38  1  0  0  0  0\r\n 11 13  1  0  0  0  0\r\n 12 41  1  0  0  0  0\r\n 12 40  1  0  0  0  0\r\n 12 42  1  0  0  0  0\r\n 12  5  1  0  0  0  0\r\n 10 35  1  0  0  0  0\r\n 10 37  1  0  0  0  0\r\n 10 36  1  0  0  0  0\r\n 10 20  1  0  0  0  0\r\nM  ZZC  24 1\r\nM  ZZC  25 2\r\nM  ZZC  26 3\r\nM  ZZC  27 4\r\nM  ZZC  28 5\r\nM  ZZC  29 6\r\nM  ZZC  30 7\r\nM  ZZC  31 8\r\nM  ZZC  32 9\r\nM  ZZC  33 10\r\nM  ZZC  34 11\r\nM  ZZC  35 12\r\nM  ZZC  36 13\r\nM  ZZC  37 14\r\nM  ZZC  38 15\r\nM  ZZC  39 16\r\nM  ZZC  40 17\r\nM  ZZC  41 18\r\nM  ZZC  42 19\r\nM  ZZC  43 20\r\nM  ZZC  44 21\r\nM  ZZC  45 22\r\nM  ZZC  46 23\r\nM  ZZC  47 24\r\nM  END\r\n"
    }
  ]
}