{
  "spectra": [
    {
      "data": {},
      "id": "0abwvynpah97",
      "source": {
        "original": [],
        "jcamp": null,
        "jcampURL": "./borohydride/1h.jdx"
      },
      "display": {
        "name": "borohydride",
        "color": "#C10020"
      }
    }
  ],
  "molecules": [
    {
      "molfile": "\r\n  Mnova   03182113492D\r\n\r\n  5  4  0  0  0  0  0  0  0  0999 V2000\r\n  -88.7284   53.8727    0.0000 B   0  0  0  0  0  0  0  0  0  0  0  0\r\n  -77.4567   53.8727    0.0000 H   0  0  0  0  0  0  0  0  0  0  0  0\r\n  -94.3642   63.6342    0.0000 H   0  0  0  0  0  0  0  0  0  0  0  0\r\n  -94.3642   44.1112    0.0000 H   0  0  0  0  0  0  0  0  0  0  0  0\r\n -100.0000   53.8727    0.0000 H   0  0  0  0  0  0  0  0  0  0  0  0\r\n  1  5  1  0  0  0  0\r\n  1  4  1  0  0  0  0\r\n  1  2  1  0  0  0  0\r\n  1  3  1  0  0  0  0\r\nM  CHG  1   1   1\r\nM  END\r\n"
    }
  ]
}