[
  {
    "type": "line",
    "data": {
      "position": [
        {
          "x": 45.94054855369198,
          "y": 90.51101151361651
        },
        {
          "x": 77.06606795047676,
          "y": 94.36789543464074
        }
      ],
      "strokeWidth": "4px",
      "strokeColor": "red"
    }
  },
  {
    "type": "line",
    "data": {
      "position": [
        {
          "x": 52.372881155673824,
          "y": 47.77355258324663
        },
        {
          "x": 19.962332363691935,
          "y": 29.434061146400214
        }
      ],
      "strokeWidth": "4px",
      "strokeColor": "red"
    }
  },
  {
    "type": "line",
    "data": {
      "position": [
        {
          "x": 91.57927717063966,
          "y": 19.011778454900718
        },
        {
          "x": 29.145521683364173,
          "y": 16.60497564394181
        }
      ],
      "strokeWidth": "4px",
      "strokeColor": "red"
    }
  },
  {
    "type": "line",
    "data": {
      "position": [
        {
          "x": 10.277062390002412,
          "y": 19.932639775292806
        },
        {
          "x": 21.886301846710744,
          "y": 11.913658189564202
        }
      ],
      "strokeWidth": "4px",
      "strokeColor": "red"
    }
  },
  {
    "type": "line",
    "data": {
      "position": [
        {
          "x": 94.89210641854314,
          "y": 58.653837195895875
        },
        {
          "x": 63.608798669433895,
          "y": 81.53627981852117
        }
      ],
      "strokeWidth": "4px",
      "strokeColor": "red"
    }
  },
  {
    "type": "line",
    "data": {
      "position": [
        {
          "x": 96.04935085224773,
          "y": 88.35605119391931
        },
        {
          "x": 22.40959622680736,
          "y": 38.08935559010187
        }
      ],
      "strokeWidth": "4px",
      "strokeColor": "red"
    }
  },
  {
    "type": "line",
    "data": {
      "position": [
        {
          "x": 97.43828334274845,
          "y": 48.259054285946725
        },
        {
          "x": 71.55268442996852,
          "y": 8.863018178061832
        }
      ],
      "strokeWidth": "4px",
      "strokeColor": "red"
    }
  },
  {
    "type": "line",
    "data": {
      "position": [
        {
          "x": 18.069262051218992,
          "y": 53.45819816792081
        },
        {
          "x": 15.343159523872929,
          "y": 54.523767718993035
        }
      ],
      "strokeWidth": "4px",
      "strokeColor": "red"
    }
  },
  {
    "type": "line",
    "data": {
      "position": [
        {
          "x": 89.28537705246495,
          "y": 71.45960153599647
        },
        {
          "x": 82.50679379750436,
          "y": 89.42863350814989
        }
      ],
      "strokeWidth": "4px",
      "strokeColor": "red"
    }
  },
  {
    "type": "line",
    "data": {
      "position": [
        {
          "x": 48.96200050424344,
          "y": 42.18363697972669
        },
        {
          "x": 30.67306690775704,
          "y": 78.952526273281
        }
      ],
      "strokeWidth": "4px",
      "strokeColor": "red"
    }
  }
]