{
  "spectra": [
    {
      "data": {},
      "id": "0abwvynpah97",
      "source": {
        "original": [],
        "jcamp": null,
        "jcampURL": "./isoleucine/1h.jdx"
      },
      "display": {
        "name": "isoleucine",
        "color": "#C10020"
      }
    }
  ],
  "molecules": [
    {
      "molfile": "6306\r\n  alatis  07232016032D\r\n\r\n  9  8  0  0  0  0  0  0  0  0999 V2000\r\n    1.7049   -1.0762   -0.1231 C   0  0  0  0  0  0  0  0  0  0  0  0\r\n    0.3296    0.9925    1.3186 C   0  0  0  0  0  0  0  0  0  0  0  0\r\n    0.3558   -0.9225   -0.0410 C   0  0  0  0  0  0  0  0  0  0  0  0\r\n   -0.1302    0.3631    0.0371 C   0  0  0  0  0  0  0  0  0  0  0  0\r\n   -1.5052    0.4285   -0.0813 C   0  0  0  0  0  0  0  0  0  0  0  0\r\n   -2.0523    1.5849   -0.1464 C   0  0  0  0  0  0  0  0  0  0  0  0\r\n   -1.9415   -0.2199   -1.2569 N   0  0  0  0  0  0  0  0  0  0  0  0\r\n   -3.1150    1.6913   -0.0083 O   0  0  0  0  0  0  0  0  0  0  0  0\r\n   -1.5023    2.4950   -0.3468 O   0  0  0  0  0  0  0  0  0  0  0  0\r\n  6  9  1  0  0  0  0\r\n  6  8  2  0  0  0  0\r\n  5  6  1  0  0  0  0\r\n  5  7  1  0  0  0  0\r\n  4  5  1  0  0  0  0\r\n  4  2  1  0  0  0  0\r\n  3  4  1  0  0  0  0\r\n  3  1  1  0  0  0  0\r\nM  END\r\n"
    }
  ]
}