{
  "spectra": [
    {
      "data": {},
      "id": "0abwvynpah97",
      "source": {
        "original": [],
        "jcamp": null,
        "jcampURL": "./cyclopropnes_wrongPhase/1h.jdx"
      },
      "display": {
        "name": "cyclopropnes_wrongPhase",
        "color": "#C10020"
      }
    }
  ],
  "molecules": [
    {
      "molfile": "\r\n  Mnova   11162013592D\r\n\r\n 28 29  0  0  0  0  0  0  0  0999 V2000\r\n   19.7163  -11.3832    0.0000 C   0  0  0  0  0  0  0  0  0  0  0  0\r\n   29.5745  -17.0748    0.0000 C   0  0  0  0  0  0  0  0  0  0  0  0\r\n   28.9383  -28.8216    0.0000 C   0  0  0  0  0  0  0  0  0  0  0  0\r\n   19.7163  -34.1497    0.0000 C   0  0  0  0  0  0  0  0  0  0  0  0\r\n    9.8582  -28.4580    0.0000 C   0  0  0  0  0  0  0  0  0  0  0  0\r\n    9.8582  -17.0748    0.0000 C   0  0  0  0  0  0  0  0  0  0  0  0\r\n   39.4326  -34.1497    0.0000 C   0  0  0  0  0  0  0  0  0  0  0  0\r\n   50.8050  -34.6465    0.0000 C   0  0  0  0  0  0  0  0  0  0  0  0\r\n   56.0609  -44.7437    0.0000 C   0  0  0  0  0  0  0  0  0  0  0  0\r\n   67.4333  -45.2405    0.0000 O   0  0  0  0  0  0  0  0  0  0  0  0\r\n   72.6892  -55.3377    0.0000 C   0  0  0  0  0  0  0  0  0  0  0  0\r\n   45.0907  -24.2722    0.0000 C   0  0  0  0  0  0  0  0  0  0  0  0\r\n   51.1666  -51.9505    0.0000 O   0  0  0  0  0  0  0  0  0  0  0  0\r\n   86.3446  -51.4686    0.0000 C   0  0  0  0  0  0  0  0  0  0  0  0\r\n   19.7163    0.0000    0.0000 H   0  0  0  0  0  0  0  0  0  0  0  0\r\n   -0.0000  -34.1497    0.0000 H   0  0  0  0  0  0  0  0  0  0  0  0\r\n   -0.0000  -11.3832    0.0000 H   0  0  0  0  0  0  0  0  0  0  0  0\r\n   36.8833  -26.7195    0.0000 H   0  0  0  0  0  0  0  0  0  0  0  0\r\n   61.2458  -29.0546    0.0000 H   0  0  0  0  0  0  0  0  0  0  0  0\r\n   77.4764  -68.6989    0.0000 H   0  0  0  0  0  0  0  0  0  0  0  0\r\n   59.6838  -61.0211    0.0000 H   0  0  0  0  0  0  0  0  0  0  0  0\r\n   36.4032  -16.9165    0.0000 H   0  0  0  0  0  0  0  0  0  0  0  0\r\n   53.9000  -17.0629    0.0000 H   0  0  0  0  0  0  0  0  0  0  0  0\r\n   82.4755  -37.8132    0.0000 H   0  0  0  0  0  0  0  0  0  0  0  0\r\n  100.0000  -47.5995    0.0000 H   0  0  0  0  0  0  0  0  0  0  0  0\r\n   90.2137  -65.1240    0.0000 H   0  0  0  0  0  0  0  0  0  0  0  0\r\n   39.4326  -11.3832    0.0000 H   0  0  0  0  0  0  0  0  0  0  0  0\r\n   19.7163  -45.5329    0.0000 H   0  0  0  0  0  0  0  0  0  0  0  0\r\n  7 18  1  6  0  0  0\r\n  7  8  1  0  0  0  0\r\n  7 12  1  0  0  0  0\r\n  7  3  1  1  0  0  0\r\n  8 19  1  6  0  0  0\r\n  8 12  1  0  0  0  0\r\n  8  9  1  1  0  0  0\r\n 12 23  1  6  0  0  0\r\n 12 22  1  1  0  0  0\r\n  3  4  2  0  0  0  0\r\n  2 27  1  0  0  0  0\r\n  2  3  1  0  0  0  0\r\n  1 15  1  0  0  0  0\r\n  1  2  2  0  0  0  0\r\n  1  6  1  0  0  0  0\r\n  6 17  1  0  0  0  0\r\n  5 16  1  0  0  0  0\r\n  5  6  2  0  0  0  0\r\n  4 28  1  0  0  0  0\r\n  4  5  1  0  0  0  0\r\n  9 10  1  0  0  0  0\r\n  9 13  2  0  0  0  0\r\n 10 11  1  0  0  0  0\r\n 11 20  1  0  0  0  0\r\n 11 21  1  0  0  0  0\r\n 11 14  1  0  0  0  0\r\n 14 26  1  0  0  0  0\r\n 14 24  1  0  0  0  0\r\n 14 25  1  0  0  0  0\r\nM  ZZC   1 1\r\nM  ZZC   2 2\r\nM  ZZC   3 3\r\nM  ZZC   4 4\r\nM  ZZC   5 5\r\nM  ZZC   6 6\r\nM  ZZC   7 7\r\nM  ZZC   8 8\r\nM  ZZC   9 9\r\nM  ZZC  10 10\r\nM  ZZC  11 11\r\nM  ZZC  12 12\r\nM  ZZC  13 13\r\nM  ZZC  14 14\r\nM  ZZC  15 15\r\nM  ZZC  16 18\r\nM  ZZC  17 19\r\nM  ZZC  18 A\r\nM  ZZC  19 M\r\nM  ZZC  20 22\r\nM  ZZC  21 23\r\nM  ZZC  22 K\r\nM  ZZC  23 X\r\nM  ZZC  24 26\r\nM  ZZC  25 27\r\nM  ZZC  26 28\r\nM  ZZC  27 29\r\nM  ZZC  28 30\r\nM  END\r\n"
    },
    {
      "molfile": "\r\n  Mnova   11162013592D\r\n\r\n 28 29  0  0  0  0  0  0  0  0999 V2000\r\n   19.7163  -11.3832    0.0000 C   0  0  0  0  0  0  0  0  0  0  0  0\r\n   29.5745  -17.0748    0.0000 C   0  0  0  0  0  0  0  0  0  0  0  0\r\n   29.5745  -28.4580    0.0000 C   0  0  0  0  0  0  0  0  0  0  0  0\r\n   19.7163  -34.1497    0.0000 C   0  0  0  0  0  0  0  0  0  0  0  0\r\n    9.8582  -28.4580    0.0000 C   0  0  0  0  0  0  0  0  0  0  0  0\r\n    9.8582  -17.0748    0.0000 C   0  0  0  0  0  0  0  0  0  0  0  0\r\n   39.4326  -34.1497    0.0000 C   0  0  0  0  0  0  0  0  0  0  0  0\r\n   50.8050  -34.6465    0.0000 C   0  0  0  0  0  0  0  0  0  0  0  0\r\n   56.0609  -44.7437    0.0000 C   0  0  0  0  0  0  0  0  0  0  0  0\r\n   67.4333  -45.2405    0.0000 O   0  0  0  0  0  0  0  0  0  0  0  0\r\n   72.6892  -55.3377    0.0000 C   0  0  0  0  0  0  0  0  0  0  0  0\r\n   45.0907  -24.2722    0.0000 C   0  0  0  0  0  0  0  0  0  0  0  0\r\n   51.1666  -51.9505    0.0000 O   0  0  0  0  0  0  0  0  0  0  0  0\r\n   86.3446  -51.4686    0.0000 C   0  0  0  0  0  0  0  0  0  0  0  0\r\n   19.7163    0.0000    0.0000 H   0  0  0  0  0  0  0  0  0  0  0  0\r\n   -0.0000  -34.1497    0.0000 H   0  0  0  0  0  0  0  0  0  0  0  0\r\n   -0.0000  -11.3832    0.0000 H   0  0  0  0  0  0  0  0  0  0  0  0\r\n   36.2471  -45.0781    0.0000 H   0  0  0  0  0  0  0  0  0  0  0  0\r\n   61.2458  -29.0546    0.0000 H   0  0  0  0  0  0  0  0  0  0  0  0\r\n   77.4764  -68.6989    0.0000 H   0  0  0  0  0  0  0  0  0  0  0  0\r\n   59.6838  -61.0211    0.0000 H   0  0  0  0  0  0  0  0  0  0  0  0\r\n   36.4032  -16.9165    0.0000 H   0  0  0  0  0  0  0  0  0  0  0  0\r\n   53.9000  -17.0629    0.0000 H   0  0  0  0  0  0  0  0  0  0  0  0\r\n   82.4755  -37.8132    0.0000 H   0  0  0  0  0  0  0  0  0  0  0  0\r\n  100.0000  -47.5995    0.0000 H   0  0  0  0  0  0  0  0  0  0  0  0\r\n   90.2137  -65.1240    0.0000 H   0  0  0  0  0  0  0  0  0  0  0  0\r\n   39.4326  -11.3832    0.0000 H   0  0  0  0  0  0  0  0  0  0  0  0\r\n   19.7163  -45.5329    0.0000 H   0  0  0  0  0  0  0  0  0  0  0  0\r\n  7 18  1  6  0  0  0\r\n  7  8  1  0  0  0  0\r\n  7 12  1  0  0  0  0\r\n  7  3  1  1  0  0  0\r\n  8 19  1  1  0  0  0\r\n  8 12  1  0  0  0  0\r\n  8  9  1  6  0  0  0\r\n 12 23  1  6  0  0  0\r\n 12 22  1  1  0  0  0\r\n  3  4  2  0  0  0  0\r\n  2 27  1  0  0  0  0\r\n  2  3  1  0  0  0  0\r\n  1 15  1  0  0  0  0\r\n  1  2  2  0  0  0  0\r\n  1  6  1  0  0  0  0\r\n  6 17  1  0  0  0  0\r\n  5 16  1  0  0  0  0\r\n  5  6  2  0  0  0  0\r\n  4 28  1  0  0  0  0\r\n  4  5  1  0  0  0  0\r\n  9 10  1  0  0  0  0\r\n  9 13  2  0  0  0  0\r\n 10 11  1  0  0  0  0\r\n 11 20  1  0  0  0  0\r\n 11 21  1  0  0  0  0\r\n 11 14  1  0  0  0  0\r\n 14 26  1  0  0  0  0\r\n 14 24  1  0  0  0  0\r\n 14 25  1  0  0  0  0\r\nM  ZZC   1 1\r\nM  ZZC   2 2\r\nM  ZZC   3 3\r\nM  ZZC   4 4\r\nM  ZZC   5 5\r\nM  ZZC   6 6\r\nM  ZZC   7 7\r\nM  ZZC   8 8\r\nM  ZZC   9 9\r\nM  ZZC  10 10\r\nM  ZZC  11 11\r\nM  ZZC  12 12\r\nM  ZZC  13 13\r\nM  ZZC  14 14\r\nM  ZZC  15 15\r\nM  ZZC  16 18\r\nM  ZZC  17 19\r\nM  ZZC  18 A\r\nM  ZZC  19 M\r\nM  ZZC  20 22\r\nM  ZZC  21 23\r\nM  ZZC  22 X\r\nM  ZZC  23 K\r\nM  ZZC  24 26\r\nM  ZZC  25 27\r\nM  ZZC  26 28\r\nM  ZZC  27 29\r\nM  ZZC  28 30\r\nM  END\r\n"
    }
  ]
}